{
  "Logistic Regression": {
    "accuracy": 0.8,
    "precision": 0.8205128205128205,
    "recall": 0.9142857142857143,
    "f1_weighted": 0.7900207900207902,
    "f1_macro": 0.7401247401247402,
    "roc_auc": 0.7847619047619048,
    "confusion_matrix": {
      "tn": 8,
      "fp": 7,
      "fn": 3,
      "tp": 32
    }
  },
  "SVM": {
    "accuracy": 0.84,
    "precision": 0.813953488372093,
    "recall": 1.0,
    "f1_weighted": 0.8191142191142191,
    "f1_macro": 0.7668997668997669,
    "roc_auc": 0.779047619047619,
    "confusion_matrix": {
      "tn": 7,
      "fp": 8,
      "fn": 0,
      "tp": 35
    }
  },
  "Random Forest": {
    "accuracy": 0.78,
    "precision": 0.8157894736842105,
    "recall": 0.8857142857142857,
    "f1_weighted": 0.7722983257229832,
    "f1_macro": 0.7209538305428715,
    "roc_auc": 0.7552380952380953,
    "confusion_matrix": {
      "tn": 8,
      "fp": 7,
      "fn": 4,
      "tp": 31
    }
  },
  "XGBoost": {
    "accuracy": 0.7,
    "precision": 0.7941176470588235,
    "recall": 0.7714285714285715,
    "f1_weighted": 0.7026647966339411,
    "f1_macro": 0.6493688639551192,
    "roc_auc": 0.7180952380952381,
    "confusion_matrix": {
      "tn": 8,
      "fp": 7,
      "fn": 8,
      "tp": 27
    }
  },
  "Ensemble (SVM+XGB)": {
    "accuracy": 0.78,
    "precision": 0.8157894736842105,
    "recall": 0.8857142857142857,
    "f1_weighted": 0.7722983257229832,
    "f1_macro": 0.7209538305428715,
    "roc_auc": 0.7180952380952381,
    "confusion_matrix": {
      "tn": 8,
      "fp": 7,
      "fn": 4,
      "tp": 31
    }
  },
  "__deployed__ (raw XGBoost)": {
    "accuracy": 0.72,
    "precision": 0.8,
    "recall": 0.8,
    "f1_weighted": 0.72,
    "f1_macro": 0.6666666666666667,
    "roc_auc": 0.7295238095238095,
    "confusion_matrix": {
      "tn": 8,
      "fp": 7,
      "fn": 7,
      "tp": 28
    }
  }
}