{
  "Logistic Regression": {
    "accuracy": 0.736,
    "precision": 0.7945945945945946,
    "recall": 0.84,
    "f1_weighted": 0.7302380952380951,
    "f1_macro": 0.6726190476190477,
    "roc_auc": 0.710552380952381,
    "confusion_matrix": {
      "tn": 37,
      "fp": 38,
      "fn": 28,
      "tp": 147
    }
  },
  "SVM": {
    "accuracy": 0.804,
    "precision": 0.7889908256880734,
    "recall": 0.9828571428571429,
    "f1_weighted": 0.7753394687403392,
    "f1_macro": 0.708687070462058,
    "roc_auc": 0.6966095238095238,
    "confusion_matrix": {
      "tn": 29,
      "fp": 46,
      "fn": 3,
      "tp": 172
    }
  },
  "Random Forest": {
    "accuracy": 0.972,
    "precision": 0.9719101123595506,
    "recall": 0.9885714285714285,
    "f1_weighted": 0.9718332658842573,
    "f1_macro": 0.9662754620261702,
    "roc_auc": 0.9942857142857143,
    "confusion_matrix": {
      "tn": 70,
      "fp": 5,
      "fn": 2,
      "tp": 173
    }
  },
  "XGBoost": {
    "accuracy": 0.928,
    "precision": 0.9485714285714286,
    "recall": 0.9485714285714286,
    "f1_weighted": 0.928,
    "f1_macro": 0.9142857142857144,
    "roc_auc": 0.9691428571428571,
    "confusion_matrix": {
      "tn": 66,
      "fp": 9,
      "fn": 9,
      "tp": 166
    }
  },
  "Ensemble (SVM+XGB)": {
    "accuracy": 0.908,
    "precision": 0.9175824175824175,
    "recall": 0.9542857142857143,
    "f1_weighted": 0.9066502125325654,
    "f1_macro": 0.887367534426358,
    "roc_auc": 0.9647238095238095,
    "confusion_matrix": {
      "tn": 60,
      "fp": 15,
      "fn": 8,
      "tp": 167
    }
  },
  "__deployed__ (raw XGBoost)": {
    "accuracy": 0.924,
    "precision": 0.9239130434782609,
    "recall": 0.9714285714285714,
    "f1_weighted": 0.9225271143246607,
    "f1_macro": 0.9061617179320018,
    "roc_auc": 0.9747809523809523,
    "confusion_matrix": {
      "tn": 61,
      "fp": 14,
      "fn": 5,
      "tp": 170
    }
  }
}